Partner,Partner_region_zone,Appointment ID,URL,Calendar Name,Date Offered,Time Offered,Link Text,Availability,,Partner;Partner_region_zone;Appointment ID;URL;Calendar Name;Date Offered;Time Offered;Link Text;Availability
The Grove,the_grove_la_mesa_pickup,27155846,https://koi-mandolin-afct.squarespace.com/config/scheduling/appointments.php?action=editAppointmentType&id=27155846,710 Labs List Deliveries (Pacific Time),9/26/2026,10:00 AM,"10:00am PDT Saturday, September 26, 2026",10,,"The Grove;the_grove_la_mesa_pickup;27155846;https://koi-mandolin-afct.squarespace.com/config/scheduling/appointments.php?action=editAppointmentType&id=27155846;710 Labs List Deliveries (Pacific Time);9/26/2026;10:00 AM;10:00am PDT Saturday, September 26, 2026;10"
The Grove,the_grove_la_mesa_pickup,27155846,https://koi-mandolin-afct.squarespace.com/config/scheduling/appointments.php?action=editAppointmentType&id=27155846,710 Labs List Deliveries (Pacific Time),9/26/2026,3:00 PM,"3:00pm PDT Saturday, September 26, 2026",10,,"The Grove;the_grove_la_mesa_pickup;27155846;https://koi-mandolin-afct.squarespace.com/config/scheduling/appointments.php?action=editAppointmentType&id=27155846;710 Labs List Deliveries (Pacific Time);9/26/2026;3:00 PM;3:00pm PDT Saturday, September 26, 2026;10"
The Grove,the_grove_la_mesa_pickup,27155846,https://koi-mandolin-afct.squarespace.com/config/scheduling/appointments.php?action=editAppointmentType&id=27155846,710 Labs List Deliveries (Pacific Time),9/27/2026,10:00 AM,"10:00am PDT Sunday, September 27, 2026",10,,"The Grove;the_grove_la_mesa_pickup;27155846;https://koi-mandolin-afct.squarespace.com/config/scheduling/appointments.php?action=editAppointmentType&id=27155846;710 Labs List Deliveries (Pacific Time);9/27/2026;10:00 AM;10:00am PDT Sunday, September 27, 2026;10"
The Grove,the_grove_la_mesa_pickup,27155846,https://koi-mandolin-afct.squarespace.com/config/scheduling/appointments.php?action=editAppointmentType&id=27155846,710 Labs List Deliveries (Pacific Time),9/27/2026,3:00 PM,"3:00pm PDT Sunday, September 27, 2026",10,,"The Grove;the_grove_la_mesa_pickup;27155846;https://koi-mandolin-afct.squarespace.com/config/scheduling/appointments.php?action=editAppointmentType&id=27155846;710 Labs List Deliveries (Pacific Time);9/27/2026;3:00 PM;3:00pm PDT Sunday, September 27, 2026;10"
The Grove,the_grove_la_mesa_pickup,27155846,https://koi-mandolin-afct.squarespace.com/config/scheduling/appointments.php?action=editAppointmentType&id=27155846,710 Labs List Deliveries (Pacific Time),9/28/2026,10:00 AM,"10:00am PDT Monday, September 28, 2026",10,,"The Grove;the_grove_la_mesa_pickup;27155846;https://koi-mandolin-afct.squarespace.com/config/scheduling/appointments.php?action=editAppointmentType&id=27155846;710 Labs List Deliveries (Pacific Time);9/28/2026;10:00 AM;10:00am PDT Monday, September 28, 2026;10"
The Grove,the_grove_la_mesa_pickup,27155846,https://koi-mandolin-afct.squarespace.com/config/scheduling/appointments.php?action=editAppointmentType&id=27155846,710 Labs List Deliveries (Pacific Time),9/28/2026,3:00 PM,"3:00pm PDT Monday, September 28, 2026",10,,"The Grove;the_grove_la_mesa_pickup;27155846;https://koi-mandolin-afct.squarespace.com/config/scheduling/appointments.php?action=editAppointmentType&id=27155846;710 Labs List Deliveries (Pacific Time);9/28/2026;3:00 PM;3:00pm PDT Monday, September 28, 2026;10"
The Grove,the_grove_la_mesa_pickup,27155846,https://koi-mandolin-afct.squarespace.com/config/scheduling/appointments.php?action=editAppointmentType&id=27155846,710 Labs List Deliveries (Pacific Time),9/29/2026,10:00 AM,"10:00am PDT Tuesday, September 29, 2026",10,,"The Grove;the_grove_la_mesa_pickup;27155846;https://koi-mandolin-afct.squarespace.com/config/scheduling/appointments.php?action=editAppointmentType&id=27155846;710 Labs List Deliveries (Pacific Time);9/29/2026;10:00 AM;10:00am PDT Tuesday, September 29, 2026;10"
The Grove,the_grove_la_mesa_pickup,27155846,https://koi-mandolin-afct.squarespace.com/config/scheduling/appointments.php?action=editAppointmentType&id=27155846,710 Labs List Deliveries (Pacific Time),9/29/2026,3:00 PM,"3:00pm PDT Tuesday, September 29, 2026",10,,"The Grove;the_grove_la_mesa_pickup;27155846;https://koi-mandolin-afct.squarespace.com/config/scheduling/appointments.php?action=editAppointmentType&id=27155846;710 Labs List Deliveries (Pacific Time);9/29/2026;3:00 PM;3:00pm PDT Tuesday, September 29, 2026;10"
The Grove,the_grove_la_mesa_pickup,27155846,https://koi-mandolin-afct.squarespace.com/config/scheduling/appointments.php?action=editAppointmentType&id=27155846,710 Labs List Deliveries (Pacific Time),9/30/2026,10:00 AM,"10:00am PDT Wednesday, September 30, 2026",10,,"The Grove;the_grove_la_mesa_pickup;27155846;https://koi-mandolin-afct.squarespace.com/config/scheduling/appointments.php?action=editAppointmentType&id=27155846;710 Labs List Deliveries (Pacific Time);9/30/2026;10:00 AM;10:00am PDT Wednesday, September 30, 2026;10"
The Grove,the_grove_la_mesa_pickup,27155846,https://koi-mandolin-afct.squarespace.com/config/scheduling/appointments.php?action=editAppointmentType&id=27155846,710 Labs List Deliveries (Pacific Time),9/30/2026,3:00 PM,"3:00pm PDT Wednesday, September 30, 2026",10,,"The Grove;the_grove_la_mesa_pickup;27155846;https://koi-mandolin-afct.squarespace.com/config/scheduling/appointments.php?action=editAppointmentType&id=27155846;710 Labs List Deliveries (Pacific Time);9/30/2026;3:00 PM;3:00pm PDT Wednesday, September 30, 2026;10"
The Grove,the_grove_la_mesa_pickup,27155846,https://koi-mandolin-afct.squarespace.com/config/scheduling/appointments.php?action=editAppointmentType&id=27155846,710 Labs List Deliveries (Pacific Time),10/1/2026,10:00 AM,"10:00am PDT Thursday, October 1, 2026",10,,"The Grove;the_grove_la_mesa_pickup;27155846;https://koi-mandolin-afct.squarespace.com/config/scheduling/appointments.php?action=editAppointmentType&id=27155846;710 Labs List Deliveries (Pacific Time);10/1/2026;10:00 AM;10:00am PDT Thursday, October 1, 2026;10"
The Grove,the_grove_la_mesa_pickup,27155846,https://koi-mandolin-afct.squarespace.com/config/scheduling/appointments.php?action=editAppointmentType&id=27155846,710 Labs List Deliveries (Pacific Time),10/1/2026,3:00 PM,"3:00pm PDT Thursday, October 1, 2026",10,,"The Grove;the_grove_la_mesa_pickup;27155846;https://koi-mandolin-afct.squarespace.com/config/scheduling/appointments.php?action=editAppointmentType&id=27155846;710 Labs List Deliveries (Pacific Time);10/1/2026;3:00 PM;3:00pm PDT Thursday, October 1, 2026;10"
The Grove,the_grove_la_mesa_pickup,27155846,https://koi-mandolin-afct.squarespace.com/config/scheduling/appointments.php?action=editAppointmentType&id=27155846,710 Labs List Deliveries (Pacific Time),10/2/2026,10:00 AM,"10:00am PDT Friday, October 2, 2026",10,,"The Grove;the_grove_la_mesa_pickup;27155846;https://koi-mandolin-afct.squarespace.com/config/scheduling/appointments.php?action=editAppointmentType&id=27155846;710 Labs List Deliveries (Pacific Time);10/2/2026;10:00 AM;10:00am PDT Friday, October 2, 2026;10"
The Grove,the_grove_la_mesa_pickup,27155846,https://koi-mandolin-afct.squarespace.com/config/scheduling/appointments.php?action=editAppointmentType&id=27155846,710 Labs List Deliveries (Pacific Time),10/2/2026,3:00 PM,"3:00pm PDT Friday, October 2, 2026",10,,"The Grove;the_grove_la_mesa_pickup;27155846;https://koi-mandolin-afct.squarespace.com/config/scheduling/appointments.php?action=editAppointmentType&id=27155846;710 Labs List Deliveries (Pacific Time);10/2/2026;3:00 PM;3:00pm PDT Friday, October 2, 2026;10"
The Grove,the_grove_la_mesa_zone_a,27211076,https://koi-mandolin-afct.squarespace.com/config/scheduling/appointments.php?action=editAppointmentType&id=27211076,710 Labs List Deliveries (Pacific Time),9/26/2026,11:00 AM,"11:00am PDT Saturday, September 26, 2026",5,,"The Grove;the_grove_la_mesa_zone_a;27211076;https://koi-mandolin-afct.squarespace.com/config/scheduling/appointments.php?action=editAppointmentType&id=27211076;710 Labs List Deliveries (Pacific Time);9/26/2026;11:00 AM;11:00am PDT Saturday, September 26, 2026;5"
The Grove,the_grove_la_mesa_zone_a,27211076,https://koi-mandolin-afct.squarespace.com/config/scheduling/appointments.php?action=editAppointmentType&id=27211076,710 Labs List Deliveries (Pacific Time),9/27/2026,11:00 AM,"11:00am PDT Sunday, September 27, 2026",5,,"The Grove;the_grove_la_mesa_zone_a;27211076;https://koi-mandolin-afct.squarespace.com/config/scheduling/appointments.php?action=editAppointmentType&id=27211076;710 Labs List Deliveries (Pacific Time);9/27/2026;11:00 AM;11:00am PDT Sunday, September 27, 2026;5"
The Grove,the_grove_la_mesa_zone_a,27211076,https://koi-mandolin-afct.squarespace.com/config/scheduling/appointments.php?action=editAppointmentType&id=27211076,710 Labs List Deliveries (Pacific Time),9/28/2026,5:00 PM,"5:00pm PDT Monday, September 28, 2026",4,,"The Grove;the_grove_la_mesa_zone_a;27211076;https://koi-mandolin-afct.squarespace.com/config/scheduling/appointments.php?action=editAppointmentType&id=27211076;710 Labs List Deliveries (Pacific Time);9/28/2026;5:00 PM;5:00pm PDT Monday, September 28, 2026;4"
The Grove,the_grove_la_mesa_zone_a,27211076,https://koi-mandolin-afct.squarespace.com/config/scheduling/appointments.php?action=editAppointmentType&id=27211076,710 Labs List Deliveries (Pacific Time),9/29/2026,11:00 AM,"11:00am PDT Tuesday, September 29, 2026",6,,"The Grove;the_grove_la_mesa_zone_a;27211076;https://koi-mandolin-afct.squarespace.com/config/scheduling/appointments.php?action=editAppointmentType&id=27211076;710 Labs List Deliveries (Pacific Time);9/29/2026;11:00 AM;11:00am PDT Tuesday, September 29, 2026;6"
The Grove,the_grove_la_mesa_zone_a,27211076,https://koi-mandolin-afct.squarespace.com/config/scheduling/appointments.php?action=editAppointmentType&id=27211076,710 Labs List Deliveries (Pacific Time),9/29/2026,2:00 PM,"2:00pm PDT Tuesday, September 29, 2026",6,,"The Grove;the_grove_la_mesa_zone_a;27211076;https://koi-mandolin-afct.squarespace.com/config/scheduling/appointments.php?action=editAppointmentType&id=27211076;710 Labs List Deliveries (Pacific Time);9/29/2026;2:00 PM;2:00pm PDT Tuesday, September 29, 2026;6"
The Grove,the_grove_la_mesa_zone_b,27211148,https://koi-mandolin-afct.squarespace.com/config/scheduling/appointments.php?action=editAppointmentType&id=27211148,710 Labs List Deliveries (Pacific Time),9/26/2026,11:00 AM,"11:00am PDT Saturday, September 26, 2026",5,,"The Grove;the_grove_la_mesa_zone_b;27211148;https://koi-mandolin-afct.squarespace.com/config/scheduling/appointments.php?action=editAppointmentType&id=27211148;710 Labs List Deliveries (Pacific Time);9/26/2026;11:00 AM;11:00am PDT Saturday, September 26, 2026;5"
The Grove,the_grove_la_mesa_zone_b,27211148,https://koi-mandolin-afct.squarespace.com/config/scheduling/appointments.php?action=editAppointmentType&id=27211148,710 Labs List Deliveries (Pacific Time),9/27/2026,11:00 AM,"11:00am PDT Sunday, September 27, 2026",5,,"The Grove;the_grove_la_mesa_zone_b;27211148;https://koi-mandolin-afct.squarespace.com/config/scheduling/appointments.php?action=editAppointmentType&id=27211148;710 Labs List Deliveries (Pacific Time);9/27/2026;11:00 AM;11:00am PDT Sunday, September 27, 2026;5"
The Grove,the_grove_la_mesa_zone_b,27211148,https://koi-mandolin-afct.squarespace.com/config/scheduling/appointments.php?action=editAppointmentType&id=27211148,710 Labs List Deliveries (Pacific Time),9/28/2026,5:00 PM,"5:00pm PDT Monday, September 28, 2026",4,,"The Grove;the_grove_la_mesa_zone_b;27211148;https://koi-mandolin-afct.squarespace.com/config/scheduling/appointments.php?action=editAppointmentType&id=27211148;710 Labs List Deliveries (Pacific Time);9/28/2026;5:00 PM;5:00pm PDT Monday, September 28, 2026;4"
The Grove,the_grove_la_mesa_zone_b,27211148,https://koi-mandolin-afct.squarespace.com/config/scheduling/appointments.php?action=editAppointmentType&id=27211148,710 Labs List Deliveries (Pacific Time),9/29/2026,11:00 AM,"11:00am PDT Tuesday, September 29, 2026",6,,"The Grove;the_grove_la_mesa_zone_b;27211148;https://koi-mandolin-afct.squarespace.com/config/scheduling/appointments.php?action=editAppointmentType&id=27211148;710 Labs List Deliveries (Pacific Time);9/29/2026;11:00 AM;11:00am PDT Tuesday, September 29, 2026;6"
The Grove,the_grove_la_mesa_zone_b,27211148,https://koi-mandolin-afct.squarespace.com/config/scheduling/appointments.php?action=editAppointmentType&id=27211148,710 Labs List Deliveries (Pacific Time),9/29/2026,2:00 PM,"2:00pm PDT Tuesday, September 29, 2026",6,,"The Grove;the_grove_la_mesa_zone_b;27211148;https://koi-mandolin-afct.squarespace.com/config/scheduling/appointments.php?action=editAppointmentType&id=27211148;710 Labs List Deliveries (Pacific Time);9/29/2026;2:00 PM;2:00pm PDT Tuesday, September 29, 2026;6"
The Grove,the_grove_la_mesa_zone_c,27214569,https://koi-mandolin-afct.squarespace.com/config/scheduling/appointments.php?action=editAppointmentType&id=27214569,710 Labs List Deliveries (Pacific Time),9/26/2026,5:00 PM,"5:00pm PDT Saturday, September 26, 2026",5,,"The Grove;the_grove_la_mesa_zone_c;27214569;https://koi-mandolin-afct.squarespace.com/config/scheduling/appointments.php?action=editAppointmentType&id=27214569;710 Labs List Deliveries (Pacific Time);9/26/2026;5:00 PM;5:00pm PDT Saturday, September 26, 2026;5"
The Grove,the_grove_la_mesa_zone_c,27214569,https://koi-mandolin-afct.squarespace.com/config/scheduling/appointments.php?action=editAppointmentType&id=27214569,710 Labs List Deliveries (Pacific Time),9/27/2026,2:00 PM,"2:00pm PDT Sunday, September 27, 2026",5,,"The Grove;the_grove_la_mesa_zone_c;27214569;https://koi-mandolin-afct.squarespace.com/config/scheduling/appointments.php?action=editAppointmentType&id=27214569;710 Labs List Deliveries (Pacific Time);9/27/2026;2:00 PM;2:00pm PDT Sunday, September 27, 2026;5"
The Grove,the_grove_la_mesa_zone_c,27214569,https://koi-mandolin-afct.squarespace.com/config/scheduling/appointments.php?action=editAppointmentType&id=27214569,710 Labs List Deliveries (Pacific Time),9/28/2026,2:00 PM,"2:00pm PDT Monday, September 28, 2026",5,,"The Grove;the_grove_la_mesa_zone_c;27214569;https://koi-mandolin-afct.squarespace.com/config/scheduling/appointments.php?action=editAppointmentType&id=27214569;710 Labs List Deliveries (Pacific Time);9/28/2026;2:00 PM;2:00pm PDT Monday, September 28, 2026;5"
The Grove,the_grove_la_mesa_zone_c,27214569,https://koi-mandolin-afct.squarespace.com/config/scheduling/appointments.php?action=editAppointmentType&id=27214569,710 Labs List Deliveries (Pacific Time),9/29/2026,2:00 PM,"2:00pm PDT Tuesday, September 29, 2026",5,,"The Grove;the_grove_la_mesa_zone_c;27214569;https://koi-mandolin-afct.squarespace.com/config/scheduling/appointments.php?action=editAppointmentType&id=27214569;710 Labs List Deliveries (Pacific Time);9/29/2026;2:00 PM;2:00pm PDT Tuesday, September 29, 2026;5"
The Grove,the_grove_la_mesa_zone_d,27214657,https://koi-mandolin-afct.squarespace.com/config/scheduling/appointments.php?action=editAppointmentType&id=27214657,710 Labs List Deliveries (Pacific Time),9/26/2026,2:00 PM,"2:00pm PDT Saturday, September 26, 2026",5,,"The Grove;the_grove_la_mesa_zone_d;27214657;https://koi-mandolin-afct.squarespace.com/config/scheduling/appointments.php?action=editAppointmentType&id=27214657;710 Labs List Deliveries (Pacific Time);9/26/2026;2:00 PM;2:00pm PDT Saturday, September 26, 2026;5"
The Grove,the_grove_la_mesa_zone_d,27214657,https://koi-mandolin-afct.squarespace.com/config/scheduling/appointments.php?action=editAppointmentType&id=27214657,710 Labs List Deliveries (Pacific Time),9/27/2026,2:00 PM,"2:00pm PDT Sunday, September 27, 2026",5,,"The Grove;the_grove_la_mesa_zone_d;27214657;https://koi-mandolin-afct.squarespace.com/config/scheduling/appointments.php?action=editAppointmentType&id=27214657;710 Labs List Deliveries (Pacific Time);9/27/2026;2:00 PM;2:00pm PDT Sunday, September 27, 2026;5"
The Grove,the_grove_la_mesa_zone_d,27214657,https://koi-mandolin-afct.squarespace.com/config/scheduling/appointments.php?action=editAppointmentType&id=27214657,710 Labs List Deliveries (Pacific Time),9/28/2026,2:00 PM,"2:00pm PDT Monday, September 28, 2026",5,,"The Grove;the_grove_la_mesa_zone_d;27214657;https://koi-mandolin-afct.squarespace.com/config/scheduling/appointments.php?action=editAppointmentType&id=27214657;710 Labs List Deliveries (Pacific Time);9/28/2026;2:00 PM;2:00pm PDT Monday, September 28, 2026;5"
The Grove,the_grove_la_mesa_zone_d,27214657,https://koi-mandolin-afct.squarespace.com/config/scheduling/appointments.php?action=editAppointmentType&id=27214657,710 Labs List Deliveries (Pacific Time),9/29/2026,5:00 PM,"5:00pm PDT Tuesday, September 29, 2026",5,,"The Grove;the_grove_la_mesa_zone_d;27214657;https://koi-mandolin-afct.squarespace.com/config/scheduling/appointments.php?action=editAppointmentType&id=27214657;710 Labs List Deliveries (Pacific Time);9/29/2026;5:00 PM;5:00pm PDT Tuesday, September 29, 2026;5"
The Grove,the_grove_la_mesa_zone_e,27214749,https://koi-mandolin-afct.squarespace.com/config/scheduling/appointments.php?action=editAppointmentType&id=27214749,710 Labs List Deliveries (Pacific Time),9/26/2026,2:00 PM,"2:00pm PDT Saturday, September 26, 2026",5,,"The Grove;the_grove_la_mesa_zone_e;27214749;https://koi-mandolin-afct.squarespace.com/config/scheduling/appointments.php?action=editAppointmentType&id=27214749;710 Labs List Deliveries (Pacific Time);9/26/2026;2:00 PM;2:00pm PDT Saturday, September 26, 2026;5"
The Grove,the_grove_la_mesa_zone_e,27214749,https://koi-mandolin-afct.squarespace.com/config/scheduling/appointments.php?action=editAppointmentType&id=27214749,710 Labs List Deliveries (Pacific Time),9/27/2026,5:00 PM,"5:00pm PDT Sunday, September 27, 2026",5,,"The Grove;the_grove_la_mesa_zone_e;27214749;https://koi-mandolin-afct.squarespace.com/config/scheduling/appointments.php?action=editAppointmentType&id=27214749;710 Labs List Deliveries (Pacific Time);9/27/2026;5:00 PM;5:00pm PDT Sunday, September 27, 2026;5"
The Grove,the_grove_la_mesa_zone_e,27214749,https://koi-mandolin-afct.squarespace.com/config/scheduling/appointments.php?action=editAppointmentType&id=27214749,710 Labs List Deliveries (Pacific Time),9/28/2026,5:00 PM,"5:00pm PDT Monday, September 28, 2026",5,,"The Grove;the_grove_la_mesa_zone_e;27214749;https://koi-mandolin-afct.squarespace.com/config/scheduling/appointments.php?action=editAppointmentType&id=27214749;710 Labs List Deliveries (Pacific Time);9/28/2026;5:00 PM;5:00pm PDT Monday, September 28, 2026;5"
The Grove,the_grove_la_mesa_zone_e,27214749,https://koi-mandolin-afct.squarespace.com/config/scheduling/appointments.php?action=editAppointmentType&id=27214749,710 Labs List Deliveries (Pacific Time),9/29/2026,5:00 PM,"5:00pm PDT Tuesday, September 29, 2026",5,,"The Grove;the_grove_la_mesa_zone_e;27214749;https://koi-mandolin-afct.squarespace.com/config/scheduling/appointments.php?action=editAppointmentType&id=27214749;710 Labs List Deliveries (Pacific Time);9/29/2026;5:00 PM;5:00pm PDT Tuesday, September 29, 2026;5"
Amuse LAX,amuse_lax1_zone_a1,54828096,https://koi-mandolin-afct.squarespace.com/config/scheduling/appointments.php?action=editAppointmentType&id=54828096,710 Labs List Deliveries (710) (Pacific Time),9/25/2026,11:00 AM,"11:00am PDT Friday, September 25, 2026",6,,"Amuse LAX;amuse_lax1_zone_a1;54828096;https://koi-mandolin-afct.squarespace.com/config/scheduling/appointments.php?action=editAppointmentType&id=54828096;710 Labs List Deliveries (710) (Pacific Time);9/25/2026;11:00 AM;11:00am PDT Friday, September 25, 2026;6"
Amuse LAX,amuse_lax1_zone_a1,54828096,https://koi-mandolin-afct.squarespace.com/config/scheduling/appointments.php?action=editAppointmentType&id=54828096,710 Labs List Deliveries (710) (Pacific Time),9/25/2026,3:00 PM,"3:00pm PDT Friday, September 25, 2026",4,,"Amuse LAX;amuse_lax1_zone_a1;54828096;https://koi-mandolin-afct.squarespace.com/config/scheduling/appointments.php?action=editAppointmentType&id=54828096;710 Labs List Deliveries (710) (Pacific Time);9/25/2026;3:00 PM;3:00pm PDT Friday, September 25, 2026;4"
Amuse LAX,amuse_lax1_zone_a1,54828096,https://koi-mandolin-afct.squarespace.com/config/scheduling/appointments.php?action=editAppointmentType&id=54828096,710 Labs List Deliveries (710) (Pacific Time),9/28/2026,11:00 AM,"11:00am PDT Monday, September 28, 2026",4,,"Amuse LAX;amuse_lax1_zone_a1;54828096;https://koi-mandolin-afct.squarespace.com/config/scheduling/appointments.php?action=editAppointmentType&id=54828096;710 Labs List Deliveries (710) (Pacific Time);9/28/2026;11:00 AM;11:00am PDT Monday, September 28, 2026;4"
Amuse LAX,amuse_lax1_zone_a1,54828096,https://koi-mandolin-afct.squarespace.com/config/scheduling/appointments.php?action=editAppointmentType&id=54828096,710 Labs List Deliveries (710) (Pacific Time),9/28/2026,3:00 PM,"3:00pm PDT Monday, September 28, 2026",4,,"Amuse LAX;amuse_lax1_zone_a1;54828096;https://koi-mandolin-afct.squarespace.com/config/scheduling/appointments.php?action=editAppointmentType&id=54828096;710 Labs List Deliveries (710) (Pacific Time);9/28/2026;3:00 PM;3:00pm PDT Monday, September 28, 2026;4"
Amuse LAX,amuse_lax1_zone_a1,54828096,https://koi-mandolin-afct.squarespace.com/config/scheduling/appointments.php?action=editAppointmentType&id=54828096,710 Labs List Deliveries (710) (Pacific Time),9/29/2026,11:00 AM,"11:00am PDT Tuesday, September 29, 2026",4,,"Amuse LAX;amuse_lax1_zone_a1;54828096;https://koi-mandolin-afct.squarespace.com/config/scheduling/appointments.php?action=editAppointmentType&id=54828096;710 Labs List Deliveries (710) (Pacific Time);9/29/2026;11:00 AM;11:00am PDT Tuesday, September 29, 2026;4"
Amuse LAX,amuse_lax1_zone_a2,33270050,https://koi-mandolin-afct.squarespace.com/config/scheduling/appointments.php?action=editAppointmentType&id=33270050,710 Labs List Deliveries (710) (Pacific Time),9/25/2026,11:00 AM,"11:00am PDT Friday, September 25, 2026",2,,"Amuse LAX;amuse_lax1_zone_a2;33270050;https://koi-mandolin-afct.squarespace.com/config/scheduling/appointments.php?action=editAppointmentType&id=33270050;710 Labs List Deliveries (710) (Pacific Time);9/25/2026;11:00 AM;11:00am PDT Friday, September 25, 2026;2"
Amuse LAX,amuse_lax1_zone_a2,33270050,https://koi-mandolin-afct.squarespace.com/config/scheduling/appointments.php?action=editAppointmentType&id=33270050,710 Labs List Deliveries (710) (Pacific Time),9/27/2026,11:00 AM,"11:00am PDT Sunday, September 27, 2026",4,,"Amuse LAX;amuse_lax1_zone_a2;33270050;https://koi-mandolin-afct.squarespace.com/config/scheduling/appointments.php?action=editAppointmentType&id=33270050;710 Labs List Deliveries (710) (Pacific Time);9/27/2026;11:00 AM;11:00am PDT Sunday, September 27, 2026;4"
Amuse LAX,amuse_lax1_zone_a2,33270050,https://koi-mandolin-afct.squarespace.com/config/scheduling/appointments.php?action=editAppointmentType&id=33270050,710 Labs List Deliveries (710) (Pacific Time),9/27/2026,3:00 PM,"3:00pm PDT Sunday, September 27, 2026",4,,"Amuse LAX;amuse_lax1_zone_a2;33270050;https://koi-mandolin-afct.squarespace.com/config/scheduling/appointments.php?action=editAppointmentType&id=33270050;710 Labs List Deliveries (710) (Pacific Time);9/27/2026;3:00 PM;3:00pm PDT Sunday, September 27, 2026;4"
Amuse LAX,amuse_lax1_zone_b1,27205285,https://koi-mandolin-afct.squarespace.com/config/scheduling/appointments.php?action=editAppointmentType&id=27205285,710 Labs List Deliveries (710) (Pacific Time),9/25/2026,11:00 AM,"11:00am PDT Friday, September 25, 2026",6,,"Amuse LAX;amuse_lax1_zone_b1;27205285;https://koi-mandolin-afct.squarespace.com/config/scheduling/appointments.php?action=editAppointmentType&id=27205285;710 Labs List Deliveries (710) (Pacific Time);9/25/2026;11:00 AM;11:00am PDT Friday, September 25, 2026;6"
Amuse LAX,amuse_lax1_zone_b1,27205285,https://koi-mandolin-afct.squarespace.com/config/scheduling/appointments.php?action=editAppointmentType&id=27205285,710 Labs List Deliveries (710) (Pacific Time),9/25/2026,3:00 PM,"3:00pm PDT Friday, September 25, 2026",4,,"Amuse LAX;amuse_lax1_zone_b1;27205285;https://koi-mandolin-afct.squarespace.com/config/scheduling/appointments.php?action=editAppointmentType&id=27205285;710 Labs List Deliveries (710) (Pacific Time);9/25/2026;3:00 PM;3:00pm PDT Friday, September 25, 2026;4"
Amuse LAX,amuse_lax1_zone_b1,27205285,https://koi-mandolin-afct.squarespace.com/config/scheduling/appointments.php?action=editAppointmentType&id=27205285,710 Labs List Deliveries (710) (Pacific Time),9/26/2026,11:00 AM,"11:00am PDT Saturday, September 26, 2026",4,,"Amuse LAX;amuse_lax1_zone_b1;27205285;https://koi-mandolin-afct.squarespace.com/config/scheduling/appointments.php?action=editAppointmentType&id=27205285;710 Labs List Deliveries (710) (Pacific Time);9/26/2026;11:00 AM;11:00am PDT Saturday, September 26, 2026;4"
Amuse LAX,amuse_lax1_zone_b1,27205285,https://koi-mandolin-afct.squarespace.com/config/scheduling/appointments.php?action=editAppointmentType&id=27205285,710 Labs List Deliveries (710) (Pacific Time),9/26/2026,3:00 PM,"3:00pm PDT Saturday, September 26, 2026",5,,"Amuse LAX;amuse_lax1_zone_b1;27205285;https://koi-mandolin-afct.squarespace.com/config/scheduling/appointments.php?action=editAppointmentType&id=27205285;710 Labs List Deliveries (710) (Pacific Time);9/26/2026;3:00 PM;3:00pm PDT Saturday, September 26, 2026;5"
Amuse LAX,amuse_lax1_zone_b1,27205285,https://koi-mandolin-afct.squarespace.com/config/scheduling/appointments.php?action=editAppointmentType&id=27205285,710 Labs List Deliveries (710) (Pacific Time),9/28/2026,11:00 AM,"11:00am PDT Monday, September 28, 2026",4,,"Amuse LAX;amuse_lax1_zone_b1;27205285;https://koi-mandolin-afct.squarespace.com/config/scheduling/appointments.php?action=editAppointmentType&id=27205285;710 Labs List Deliveries (710) (Pacific Time);9/28/2026;11:00 AM;11:00am PDT Monday, September 28, 2026;4"
Amuse LAX,amuse_lax1_zone_b1,27205285,https://koi-mandolin-afct.squarespace.com/config/scheduling/appointments.php?action=editAppointmentType&id=27205285,710 Labs List Deliveries (710) (Pacific Time),9/28/2026,3:00 PM,"3:00pm PDT Monday, September 28, 2026",4,,"Amuse LAX;amuse_lax1_zone_b1;27205285;https://koi-mandolin-afct.squarespace.com/config/scheduling/appointments.php?action=editAppointmentType&id=27205285;710 Labs List Deliveries (710) (Pacific Time);9/28/2026;3:00 PM;3:00pm PDT Monday, September 28, 2026;4"
Amuse LAX,amuse_lax1_zone_b1,27205285,https://koi-mandolin-afct.squarespace.com/config/scheduling/appointments.php?action=editAppointmentType&id=27205285,710 Labs List Deliveries (710) (Pacific Time),9/29/2026,11:00 AM,"11:00am PDT Tuesday, September 29, 2026",4,,"Amuse LAX;amuse_lax1_zone_b1;27205285;https://koi-mandolin-afct.squarespace.com/config/scheduling/appointments.php?action=editAppointmentType&id=27205285;710 Labs List Deliveries (710) (Pacific Time);9/29/2026;11:00 AM;11:00am PDT Tuesday, September 29, 2026;4"
Amuse LAX,amuse_lax1_zone_b1,27205285,https://koi-mandolin-afct.squarespace.com/config/scheduling/appointments.php?action=editAppointmentType&id=27205285,710 Labs List Deliveries (710) (Pacific Time),9/29/2026,3:00 PM,"3:00pm PDT Tuesday, September 29, 2026",4,,"Amuse LAX;amuse_lax1_zone_b1;27205285;https://koi-mandolin-afct.squarespace.com/config/scheduling/appointments.php?action=editAppointmentType&id=27205285;710 Labs List Deliveries (710) (Pacific Time);9/29/2026;3:00 PM;3:00pm PDT Tuesday, September 29, 2026;4"
Amuse LAX,amuse_lax1_zone_b1,27205285,https://koi-mandolin-afct.squarespace.com/config/scheduling/appointments.php?action=editAppointmentType&id=27205285,710 Labs List Deliveries (710) (Pacific Time),9/30/2026,11:00 AM,"11:00am PDT Wednesday, September 30, 2026",4,,"Amuse LAX;amuse_lax1_zone_b1;27205285;https://koi-mandolin-afct.squarespace.com/config/scheduling/appointments.php?action=editAppointmentType&id=27205285;710 Labs List Deliveries (710) (Pacific Time);9/30/2026;11:00 AM;11:00am PDT Wednesday, September 30, 2026;4"
Amuse LAX,amuse_lax1_zone_b1,27205285,https://koi-mandolin-afct.squarespace.com/config/scheduling/appointments.php?action=editAppointmentType&id=27205285,710 Labs List Deliveries (710) (Pacific Time),9/30/2026,3:00 PM,"3:00pm PDT Wednesday, September 30, 2026",4,,"Amuse LAX;amuse_lax1_zone_b1;27205285;https://koi-mandolin-afct.squarespace.com/config/scheduling/appointments.php?action=editAppointmentType&id=27205285;710 Labs List Deliveries (710) (Pacific Time);9/30/2026;3:00 PM;3:00pm PDT Wednesday, September 30, 2026;4"
Amuse LAX,amuse_lax1_zone_b1,27205285,https://koi-mandolin-afct.squarespace.com/config/scheduling/appointments.php?action=editAppointmentType&id=27205285,710 Labs List Deliveries (710) (Pacific Time),10/1/2026,11:00 AM,"11:00am PDT Thursday, October 1, 2026",4,,"Amuse LAX;amuse_lax1_zone_b1;27205285;https://koi-mandolin-afct.squarespace.com/config/scheduling/appointments.php?action=editAppointmentType&id=27205285;710 Labs List Deliveries (710) (Pacific Time);10/1/2026;11:00 AM;11:00am PDT Thursday, October 1, 2026;4"
Amuse LAX,amuse_lax1_zone_b1,27205285,https://koi-mandolin-afct.squarespace.com/config/scheduling/appointments.php?action=editAppointmentType&id=27205285,710 Labs List Deliveries (710) (Pacific Time),10/1/2026,3:00 PM,"3:00pm PDT Thursday, October 1, 2026",4,,"Amuse LAX;amuse_lax1_zone_b1;27205285;https://koi-mandolin-afct.squarespace.com/config/scheduling/appointments.php?action=editAppointmentType&id=27205285;710 Labs List Deliveries (710) (Pacific Time);10/1/2026;3:00 PM;3:00pm PDT Thursday, October 1, 2026;4"
Amuse LAX,amuse_lax1_zone_b2,33270054,https://koi-mandolin-afct.squarespace.com/config/scheduling/appointments.php?action=editAppointmentType&id=33270054,710 Labs List Deliveries (710) (Pacific Time),9/25/2026,11:00 AM,"11:00am PDT Friday, September 25, 2026",2,,"Amuse LAX;amuse_lax1_zone_b2;33270054;https://koi-mandolin-afct.squarespace.com/config/scheduling/appointments.php?action=editAppointmentType&id=33270054;710 Labs List Deliveries (710) (Pacific Time);9/25/2026;11:00 AM;11:00am PDT Friday, September 25, 2026;2"
Amuse LAX,amuse_lax1_zone_b2,33270054,https://koi-mandolin-afct.squarespace.com/config/scheduling/appointments.php?action=editAppointmentType&id=33270054,710 Labs List Deliveries (710) (Pacific Time),9/27/2026,11:00 AM,"11:00am PDT Sunday, September 27, 2026",4,,"Amuse LAX;amuse_lax1_zone_b2;33270054;https://koi-mandolin-afct.squarespace.com/config/scheduling/appointments.php?action=editAppointmentType&id=33270054;710 Labs List Deliveries (710) (Pacific Time);9/27/2026;11:00 AM;11:00am PDT Sunday, September 27, 2026;4"
Amuse LAX,amuse_lax1_zone_b2,33270054,https://koi-mandolin-afct.squarespace.com/config/scheduling/appointments.php?action=editAppointmentType&id=33270054,710 Labs List Deliveries (710) (Pacific Time),9/27/2026,3:00 PM,"3:00pm PDT Sunday, September 27, 2026",4,,"Amuse LAX;amuse_lax1_zone_b2;33270054;https://koi-mandolin-afct.squarespace.com/config/scheduling/appointments.php?action=editAppointmentType&id=33270054;710 Labs List Deliveries (710) (Pacific Time);9/27/2026;3:00 PM;3:00pm PDT Sunday, September 27, 2026;4"
Amuse LAX,amuse_lax1_zone_c1,27205882,https://koi-mandolin-afct.squarespace.com/config/scheduling/appointments.php?action=editAppointmentType&id=27205882,710 Labs List Deliveries (710) (Pacific Time),9/25/2026,11:00 AM,"11:00am PDT Friday, September 25, 2026",6,,"Amuse LAX;amuse_lax1_zone_c1;27205882;https://koi-mandolin-afct.squarespace.com/config/scheduling/appointments.php?action=editAppointmentType&id=27205882;710 Labs List Deliveries (710) (Pacific Time);9/25/2026;11:00 AM;11:00am PDT Friday, September 25, 2026;6"
Amuse LAX,amuse_lax1_zone_c1,27205882,https://koi-mandolin-afct.squarespace.com/config/scheduling/appointments.php?action=editAppointmentType&id=27205882,710 Labs List Deliveries (710) (Pacific Time),9/25/2026,3:00 PM,"3:00pm PDT Friday, September 25, 2026",4,,"Amuse LAX;amuse_lax1_zone_c1;27205882;https://koi-mandolin-afct.squarespace.com/config/scheduling/appointments.php?action=editAppointmentType&id=27205882;710 Labs List Deliveries (710) (Pacific Time);9/25/2026;3:00 PM;3:00pm PDT Friday, September 25, 2026;4"
Amuse LAX,amuse_lax1_zone_c1,27205882,https://koi-mandolin-afct.squarespace.com/config/scheduling/appointments.php?action=editAppointmentType&id=27205882,710 Labs List Deliveries (710) (Pacific Time),9/27/2026,11:00 AM,"11:00am PDT Sunday, September 27, 2026",4,,"Amuse LAX;amuse_lax1_zone_c1;27205882;https://koi-mandolin-afct.squarespace.com/config/scheduling/appointments.php?action=editAppointmentType&id=27205882;710 Labs List Deliveries (710) (Pacific Time);9/27/2026;11:00 AM;11:00am PDT Sunday, September 27, 2026;4"
Amuse LAX,amuse_lax1_zone_c1,27205882,https://koi-mandolin-afct.squarespace.com/config/scheduling/appointments.php?action=editAppointmentType&id=27205882,710 Labs List Deliveries (710) (Pacific Time),9/27/2026,3:00 PM,"3:00pm PDT Sunday, September 27, 2026",4,,"Amuse LAX;amuse_lax1_zone_c1;27205882;https://koi-mandolin-afct.squarespace.com/config/scheduling/appointments.php?action=editAppointmentType&id=27205882;710 Labs List Deliveries (710) (Pacific Time);9/27/2026;3:00 PM;3:00pm PDT Sunday, September 27, 2026;4"
Amuse LAX,amuse_lax1_zone_c1,27205882,https://koi-mandolin-afct.squarespace.com/config/scheduling/appointments.php?action=editAppointmentType&id=27205882,710 Labs List Deliveries (710) (Pacific Time),9/28/2026,11:00 AM,"11:00am PDT Monday, September 28, 2026",4,,"Amuse LAX;amuse_lax1_zone_c1;27205882;https://koi-mandolin-afct.squarespace.com/config/scheduling/appointments.php?action=editAppointmentType&id=27205882;710 Labs List Deliveries (710) (Pacific Time);9/28/2026;11:00 AM;11:00am PDT Monday, September 28, 2026;4"
Amuse LAX,amuse_lax1_zone_c1,27205882,https://koi-mandolin-afct.squarespace.com/config/scheduling/appointments.php?action=editAppointmentType&id=27205882,710 Labs List Deliveries (710) (Pacific Time),9/28/2026,3:00 PM,"3:00pm PDT Monday, September 28, 2026",4,,"Amuse LAX;amuse_lax1_zone_c1;27205882;https://koi-mandolin-afct.squarespace.com/config/scheduling/appointments.php?action=editAppointmentType&id=27205882;710 Labs List Deliveries (710) (Pacific Time);9/28/2026;3:00 PM;3:00pm PDT Monday, September 28, 2026;4"
Amuse LAX,amuse_lax1_zone_c1,27205882,https://koi-mandolin-afct.squarespace.com/config/scheduling/appointments.php?action=editAppointmentType&id=27205882,710 Labs List Deliveries (710) (Pacific Time),9/30/2026,11:00 AM,"11:00am PDT Wednesday, September 30, 2026",4,,"Amuse LAX;amuse_lax1_zone_c1;27205882;https://koi-mandolin-afct.squarespace.com/config/scheduling/appointments.php?action=editAppointmentType&id=27205882;710 Labs List Deliveries (710) (Pacific Time);9/30/2026;11:00 AM;11:00am PDT Wednesday, September 30, 2026;4"
Amuse LAX,amuse_lax1_zone_c1,27205882,https://koi-mandolin-afct.squarespace.com/config/scheduling/appointments.php?action=editAppointmentType&id=27205882,710 Labs List Deliveries (710) (Pacific Time),9/30/2026,3:00 PM,"3:00pm PDT Wednesday, September 30, 2026",4,,"Amuse LAX;amuse_lax1_zone_c1;27205882;https://koi-mandolin-afct.squarespace.com/config/scheduling/appointments.php?action=editAppointmentType&id=27205882;710 Labs List Deliveries (710) (Pacific Time);9/30/2026;3:00 PM;3:00pm PDT Wednesday, September 30, 2026;4"
Amuse LAX,amuse_lax1_zone_d2,33270071,https://koi-mandolin-afct.squarespace.com/config/scheduling/appointments.php?action=editAppointmentType&id=33270071,710 Labs List Deliveries (710) (Pacific Time),9/25/2026,11:00 AM,"11:00am PDT Friday, September 25, 2026",2,,"Amuse LAX;amuse_lax1_zone_d2;33270071;https://koi-mandolin-afct.squarespace.com/config/scheduling/appointments.php?action=editAppointmentType&id=33270071;710 Labs List Deliveries (710) (Pacific Time);9/25/2026;11:00 AM;11:00am PDT Friday, September 25, 2026;2"
Amuse LAX,amuse_lax1_zone_d2,33270071,https://koi-mandolin-afct.squarespace.com/config/scheduling/appointments.php?action=editAppointmentType&id=33270071,710 Labs List Deliveries (710) (Pacific Time),9/26/2026,11:00 AM,"11:00am PDT Saturday, September 26, 2026",5,,"Amuse LAX;amuse_lax1_zone_d2;33270071;https://koi-mandolin-afct.squarespace.com/config/scheduling/appointments.php?action=editAppointmentType&id=33270071;710 Labs List Deliveries (710) (Pacific Time);9/26/2026;11:00 AM;11:00am PDT Saturday, September 26, 2026;5"
Amuse LAX,amuse_lax1_zone_d2,33270071,https://koi-mandolin-afct.squarespace.com/config/scheduling/appointments.php?action=editAppointmentType&id=33270071,710 Labs List Deliveries (710) (Pacific Time),9/26/2026,3:00 PM,"3:00pm PDT Saturday, September 26, 2026",4,,"Amuse LAX;amuse_lax1_zone_d2;33270071;https://koi-mandolin-afct.squarespace.com/config/scheduling/appointments.php?action=editAppointmentType&id=33270071;710 Labs List Deliveries (710) (Pacific Time);9/26/2026;3:00 PM;3:00pm PDT Saturday, September 26, 2026;4"
Amuse LAX,amuse_lax1_zone_d2,33270071,https://koi-mandolin-afct.squarespace.com/config/scheduling/appointments.php?action=editAppointmentType&id=33270071,710 Labs List Deliveries (710) (Pacific Time),9/29/2026,11:00 AM,"11:00am PDT Tuesday, September 29, 2026",5,,"Amuse LAX;amuse_lax1_zone_d2;33270071;https://koi-mandolin-afct.squarespace.com/config/scheduling/appointments.php?action=editAppointmentType&id=33270071;710 Labs List Deliveries (710) (Pacific Time);9/29/2026;11:00 AM;11:00am PDT Tuesday, September 29, 2026;5"
Amuse LAX,amuse_lax1_zone_d2,33270071,https://koi-mandolin-afct.squarespace.com/config/scheduling/appointments.php?action=editAppointmentType&id=33270071,710 Labs List Deliveries (710) (Pacific Time),9/29/2026,3:00 PM,"3:00pm PDT Tuesday, September 29, 2026",4,,"Amuse LAX;amuse_lax1_zone_d2;33270071;https://koi-mandolin-afct.squarespace.com/config/scheduling/appointments.php?action=editAppointmentType&id=33270071;710 Labs List Deliveries (710) (Pacific Time);9/29/2026;3:00 PM;3:00pm PDT Tuesday, September 29, 2026;4"
Amuse LAX,amuse_lax1_zone_d2,33270071,https://koi-mandolin-afct.squarespace.com/config/scheduling/appointments.php?action=editAppointmentType&id=33270071,710 Labs List Deliveries (710) (Pacific Time),10/1/2026,11:00 AM,"11:00am PDT Thursday, October 1, 2026",5,,"Amuse LAX;amuse_lax1_zone_d2;33270071;https://koi-mandolin-afct.squarespace.com/config/scheduling/appointments.php?action=editAppointmentType&id=33270071;710 Labs List Deliveries (710) (Pacific Time);10/1/2026;11:00 AM;11:00am PDT Thursday, October 1, 2026;5"
Amuse LAX,amuse_lax1_zone_d2,33270071,https://koi-mandolin-afct.squarespace.com/config/scheduling/appointments.php?action=editAppointmentType&id=33270071,710 Labs List Deliveries (710) (Pacific Time),10/1/2026,3:00 PM,"3:00pm PDT Thursday, October 1, 2026",4,,"Amuse LAX;amuse_lax1_zone_d2;33270071;https://koi-mandolin-afct.squarespace.com/config/scheduling/appointments.php?action=editAppointmentType&id=33270071;710 Labs List Deliveries (710) (Pacific Time);10/1/2026;3:00 PM;3:00pm PDT Thursday, October 1, 2026;4"
Amuse LAX,amuse_lax1_zone_e2,33270087,https://koi-mandolin-afct.squarespace.com/config/scheduling/appointments.php?action=editAppointmentType&id=33270087,710 Labs List Deliveries (710) (Pacific Time),9/26/2026,11:00 AM,"11:00am PDT Saturday, September 26, 2026",5,,"Amuse LAX;amuse_lax1_zone_e2;33270087;https://koi-mandolin-afct.squarespace.com/config/scheduling/appointments.php?action=editAppointmentType&id=33270087;710 Labs List Deliveries (710) (Pacific Time);9/26/2026;11:00 AM;11:00am PDT Saturday, September 26, 2026;5"
Amuse LAX,amuse_lax1_zone_e2,33270087,https://koi-mandolin-afct.squarespace.com/config/scheduling/appointments.php?action=editAppointmentType&id=33270087,710 Labs List Deliveries (710) (Pacific Time),9/26/2026,3:00 PM,"3:00pm PDT Saturday, September 26, 2026",4,,"Amuse LAX;amuse_lax1_zone_e2;33270087;https://koi-mandolin-afct.squarespace.com/config/scheduling/appointments.php?action=editAppointmentType&id=33270087;710 Labs List Deliveries (710) (Pacific Time);9/26/2026;3:00 PM;3:00pm PDT Saturday, September 26, 2026;4"
Amuse LAX,amuse_lax1_zone_e2,33270087,https://koi-mandolin-afct.squarespace.com/config/scheduling/appointments.php?action=editAppointmentType&id=33270087,710 Labs List Deliveries (710) (Pacific Time),9/29/2026,11:00 AM,"11:00am PDT Tuesday, September 29, 2026",5,,"Amuse LAX;amuse_lax1_zone_e2;33270087;https://koi-mandolin-afct.squarespace.com/config/scheduling/appointments.php?action=editAppointmentType&id=33270087;710 Labs List Deliveries (710) (Pacific Time);9/29/2026;11:00 AM;11:00am PDT Tuesday, September 29, 2026;5"
Amuse LAX,amuse_lax1_zone_e2,33270087,https://koi-mandolin-afct.squarespace.com/config/scheduling/appointments.php?action=editAppointmentType&id=33270087,710 Labs List Deliveries (710) (Pacific Time),9/29/2026,3:00 PM,"3:00pm PDT Tuesday, September 29, 2026",4,,"Amuse LAX;amuse_lax1_zone_e2;33270087;https://koi-mandolin-afct.squarespace.com/config/scheduling/appointments.php?action=editAppointmentType&id=33270087;710 Labs List Deliveries (710) (Pacific Time);9/29/2026;3:00 PM;3:00pm PDT Tuesday, September 29, 2026;4"
Amuse LAX,amuse_lax1_zone_e2,33270087,https://koi-mandolin-afct.squarespace.com/config/scheduling/appointments.php?action=editAppointmentType&id=33270087,710 Labs List Deliveries (710) (Pacific Time),10/1/2026,11:00 AM,"11:00am PDT Thursday, October 1, 2026",5,,"Amuse LAX;amuse_lax1_zone_e2;33270087;https://koi-mandolin-afct.squarespace.com/config/scheduling/appointments.php?action=editAppointmentType&id=33270087;710 Labs List Deliveries (710) (Pacific Time);10/1/2026;11:00 AM;11:00am PDT Thursday, October 1, 2026;5"
Amuse LAX,amuse_lax1_zone_e2,33270087,https://koi-mandolin-afct.squarespace.com/config/scheduling/appointments.php?action=editAppointmentType&id=33270087,710 Labs List Deliveries (710) (Pacific Time),10/1/2026,3:00 PM,"3:00pm PDT Thursday, October 1, 2026",4,,"Amuse LAX;amuse_lax1_zone_e2;33270087;https://koi-mandolin-afct.squarespace.com/config/scheduling/appointments.php?action=editAppointmentType&id=33270087;710 Labs List Deliveries (710) (Pacific Time);10/1/2026;3:00 PM;3:00pm PDT Thursday, October 1, 2026;4"
Amuse LAX,amuse_lax1_zone_f1,27206578,https://koi-mandolin-afct.squarespace.com/config/scheduling/appointments.php?action=editAppointmentType&id=27206578,710 Labs List Deliveries (710) (Pacific Time),9/26/2026,11:00 AM,"11:00am PDT Saturday, September 26, 2026",5,,"Amuse LAX;amuse_lax1_zone_f1;27206578;https://koi-mandolin-afct.squarespace.com/config/scheduling/appointments.php?action=editAppointmentType&id=27206578;710 Labs List Deliveries (710) (Pacific Time);9/26/2026;11:00 AM;11:00am PDT Saturday, September 26, 2026;5"
Amuse LAX,amuse_lax1_zone_f1,27206578,https://koi-mandolin-afct.squarespace.com/config/scheduling/appointments.php?action=editAppointmentType&id=27206578,710 Labs List Deliveries (710) (Pacific Time),9/26/2026,3:00 PM,"3:00pm PDT Saturday, September 26, 2026",5,,"Amuse LAX;amuse_lax1_zone_f1;27206578;https://koi-mandolin-afct.squarespace.com/config/scheduling/appointments.php?action=editAppointmentType&id=27206578;710 Labs List Deliveries (710) (Pacific Time);9/26/2026;3:00 PM;3:00pm PDT Saturday, September 26, 2026;5"
Amuse LAX,amuse_lax1_zone_f1,27206578,https://koi-mandolin-afct.squarespace.com/config/scheduling/appointments.php?action=editAppointmentType&id=27206578,710 Labs List Deliveries (710) (Pacific Time),9/27/2026,11:00 AM,"11:00am PDT Sunday, September 27, 2026",5,,"Amuse LAX;amuse_lax1_zone_f1;27206578;https://koi-mandolin-afct.squarespace.com/config/scheduling/appointments.php?action=editAppointmentType&id=27206578;710 Labs List Deliveries (710) (Pacific Time);9/27/2026;11:00 AM;11:00am PDT Sunday, September 27, 2026;5"
Amuse LAX,amuse_lax1_zone_f1,27206578,https://koi-mandolin-afct.squarespace.com/config/scheduling/appointments.php?action=editAppointmentType&id=27206578,710 Labs List Deliveries (710) (Pacific Time),9/27/2026,3:00 PM,"3:00pm PDT Sunday, September 27, 2026",5,,"Amuse LAX;amuse_lax1_zone_f1;27206578;https://koi-mandolin-afct.squarespace.com/config/scheduling/appointments.php?action=editAppointmentType&id=27206578;710 Labs List Deliveries (710) (Pacific Time);9/27/2026;3:00 PM;3:00pm PDT Sunday, September 27, 2026;5"
Amuse LAX,amuse_lax1_zone_f1,27206578,https://koi-mandolin-afct.squarespace.com/config/scheduling/appointments.php?action=editAppointmentType&id=27206578,710 Labs List Deliveries (710) (Pacific Time),9/28/2026,11:00 AM,"11:00am PDT Monday, September 28, 2026",5,,"Amuse LAX;amuse_lax1_zone_f1;27206578;https://koi-mandolin-afct.squarespace.com/config/scheduling/appointments.php?action=editAppointmentType&id=27206578;710 Labs List Deliveries (710) (Pacific Time);9/28/2026;11:00 AM;11:00am PDT Monday, September 28, 2026;5"
Amuse LAX,amuse_lax1_zone_f1,27206578,https://koi-mandolin-afct.squarespace.com/config/scheduling/appointments.php?action=editAppointmentType&id=27206578,710 Labs List Deliveries (710) (Pacific Time),9/28/2026,3:00 PM,"3:00pm PDT Monday, September 28, 2026",5,,"Amuse LAX;amuse_lax1_zone_f1;27206578;https://koi-mandolin-afct.squarespace.com/config/scheduling/appointments.php?action=editAppointmentType&id=27206578;710 Labs List Deliveries (710) (Pacific Time);9/28/2026;3:00 PM;3:00pm PDT Monday, September 28, 2026;5"
Amuse LAX,amuse_lax1_zone_f1,27206578,https://koi-mandolin-afct.squarespace.com/config/scheduling/appointments.php?action=editAppointmentType&id=27206578,710 Labs List Deliveries (710) (Pacific Time),9/29/2026,11:00 AM,"11:00am PDT Tuesday, September 29, 2026",5,,"Amuse LAX;amuse_lax1_zone_f1;27206578;https://koi-mandolin-afct.squarespace.com/config/scheduling/appointments.php?action=editAppointmentType&id=27206578;710 Labs List Deliveries (710) (Pacific Time);9/29/2026;11:00 AM;11:00am PDT Tuesday, September 29, 2026;5"
Amuse LAX,amuse_lax1_zone_f1,27206578,https://koi-mandolin-afct.squarespace.com/config/scheduling/appointments.php?action=editAppointmentType&id=27206578,710 Labs List Deliveries (710) (Pacific Time),9/29/2026,3:00 PM,"3:00pm PDT Tuesday, September 29, 2026",5,,"Amuse LAX;amuse_lax1_zone_f1;27206578;https://koi-mandolin-afct.squarespace.com/config/scheduling/appointments.php?action=editAppointmentType&id=27206578;710 Labs List Deliveries (710) (Pacific Time);9/29/2026;3:00 PM;3:00pm PDT Tuesday, September 29, 2026;5"
Amuse LAX,amuse_lax1_zone_f1,27206578,https://koi-mandolin-afct.squarespace.com/config/scheduling/appointments.php?action=editAppointmentType&id=27206578,710 Labs List Deliveries (710) (Pacific Time),9/30/2026,11:00 AM,"11:00am PDT Wednesday, September 30, 2026",5,,"Amuse LAX;amuse_lax1_zone_f1;27206578;https://koi-mandolin-afct.squarespace.com/config/scheduling/appointments.php?action=editAppointmentType&id=27206578;710 Labs List Deliveries (710) (Pacific Time);9/30/2026;11:00 AM;11:00am PDT Wednesday, September 30, 2026;5"
Amuse LAX,amuse_lax1_zone_f1,27206578,https://koi-mandolin-afct.squarespace.com/config/scheduling/appointments.php?action=editAppointmentType&id=27206578,710 Labs List Deliveries (710) (Pacific Time),9/30/2026,3:00 PM,"3:00pm PDT Wednesday, September 30, 2026",5,,"Amuse LAX;amuse_lax1_zone_f1;27206578;https://koi-mandolin-afct.squarespace.com/config/scheduling/appointments.php?action=editAppointmentType&id=27206578;710 Labs List Deliveries (710) (Pacific Time);9/30/2026;3:00 PM;3:00pm PDT Wednesday, September 30, 2026;5"
The Reef,the_reef_sfo1_zone_a,31364836,https://koi-mandolin-afct.squarespace.com/config/scheduling/appointments.php?action=editAppointmentType&id=31364836,710 Labs List Deliveries (Pacific Time),9/26/2026,11:00 AM,"11:00am PDT Saturday, September 26, 2026",16,,"The Reef;the_reef_sfo1_zone_a;31364836;https://koi-mandolin-afct.squarespace.com/config/scheduling/appointments.php?action=editAppointmentType&id=31364836;710 Labs List Deliveries (Pacific Time);9/26/2026;11:00 AM;11:00am PDT Saturday, September 26, 2026;16"
The Reef,the_reef_sfo1_zone_a,31364836,https://koi-mandolin-afct.squarespace.com/config/scheduling/appointments.php?action=editAppointmentType&id=31364836,710 Labs List Deliveries (Pacific Time),9/26/2026,4:00 PM,"4:00pm PDT Saturday, September 26, 2026",16,,"The Reef;the_reef_sfo1_zone_a;31364836;https://koi-mandolin-afct.squarespace.com/config/scheduling/appointments.php?action=editAppointmentType&id=31364836;710 Labs List Deliveries (Pacific Time);9/26/2026;4:00 PM;4:00pm PDT Saturday, September 26, 2026;16"
The Reef,the_reef_sfo1_zone_a,31364836,https://koi-mandolin-afct.squarespace.com/config/scheduling/appointments.php?action=editAppointmentType&id=31364836,710 Labs List Deliveries (Pacific Time),9/27/2026,11:00 AM,"11:00am PDT Sunday, September 27, 2026",16,,"The Reef;the_reef_sfo1_zone_a;31364836;https://koi-mandolin-afct.squarespace.com/config/scheduling/appointments.php?action=editAppointmentType&id=31364836;710 Labs List Deliveries (Pacific Time);9/27/2026;11:00 AM;11:00am PDT Sunday, September 27, 2026;16"
The Reef,the_reef_sfo1_zone_a,31364836,https://koi-mandolin-afct.squarespace.com/config/scheduling/appointments.php?action=editAppointmentType&id=31364836,710 Labs List Deliveries (Pacific Time),9/27/2026,4:00 PM,"4:00pm PDT Sunday, September 27, 2026",16,,"The Reef;the_reef_sfo1_zone_a;31364836;https://koi-mandolin-afct.squarespace.com/config/scheduling/appointments.php?action=editAppointmentType&id=31364836;710 Labs List Deliveries (Pacific Time);9/27/2026;4:00 PM;4:00pm PDT Sunday, September 27, 2026;16"
The Reef,the_reef_sfo1_zone_b,31364863,https://koi-mandolin-afct.squarespace.com/config/scheduling/appointments.php?action=editAppointmentType&id=31364863,710 Labs List Deliveries (Pacific Time),9/27/2026,11:00 AM,"11:00am PDT Sunday, September 27, 2026",16,,"The Reef;the_reef_sfo1_zone_b;31364863;https://koi-mandolin-afct.squarespace.com/config/scheduling/appointments.php?action=editAppointmentType&id=31364863;710 Labs List Deliveries (Pacific Time);9/27/2026;11:00 AM;11:00am PDT Sunday, September 27, 2026;16"
The Reef,the_reef_sfo1_zone_b,31364863,https://koi-mandolin-afct.squarespace.com/config/scheduling/appointments.php?action=editAppointmentType&id=31364863,710 Labs List Deliveries (Pacific Time),9/27/2026,4:00 PM,"4:00pm PDT Sunday, September 27, 2026",16,,"The Reef;the_reef_sfo1_zone_b;31364863;https://koi-mandolin-afct.squarespace.com/config/scheduling/appointments.php?action=editAppointmentType&id=31364863;710 Labs List Deliveries (Pacific Time);9/27/2026;4:00 PM;4:00pm PDT Sunday, September 27, 2026;16"
The Reef,the_reef_sfo1_zone_c,31364887,https://koi-mandolin-afct.squarespace.com/config/scheduling/appointments.php?action=editAppointmentType&id=31364887,710 Labs List Deliveries (Pacific Time),9/27/2026,11:00 AM,"11:00am PDT Sunday, September 27, 2026",16,,"The Reef;the_reef_sfo1_zone_c;31364887;https://koi-mandolin-afct.squarespace.com/config/scheduling/appointments.php?action=editAppointmentType&id=31364887;710 Labs List Deliveries (Pacific Time);9/27/2026;11:00 AM;11:00am PDT Sunday, September 27, 2026;16"
The Reef,the_reef_sfo1_zone_c,31364887,https://koi-mandolin-afct.squarespace.com/config/scheduling/appointments.php?action=editAppointmentType&id=31364887,710 Labs List Deliveries (Pacific Time),9/27/2026,4:00 PM,"4:00pm PDT Sunday, September 27, 2026",16,,"The Reef;the_reef_sfo1_zone_c;31364887;https://koi-mandolin-afct.squarespace.com/config/scheduling/appointments.php?action=editAppointmentType&id=31364887;710 Labs List Deliveries (Pacific Time);9/27/2026;4:00 PM;4:00pm PDT Sunday, September 27, 2026;16"
The Reef,the_reef_sfo1_zone_d,31364905,https://koi-mandolin-afct.squarespace.com/config/scheduling/appointments.php?action=editAppointmentType&id=31364905,710 Labs List Deliveries (Pacific Time),9/25/2026,10:00 AM,"10:00am PDT Friday, September 25, 2026",12,,"The Reef;the_reef_sfo1_zone_d;31364905;https://koi-mandolin-afct.squarespace.com/config/scheduling/appointments.php?action=editAppointmentType&id=31364905;710 Labs List Deliveries (Pacific Time);9/25/2026;10:00 AM;10:00am PDT Friday, September 25, 2026;12"
The Reef,the_reef_sfo1_zone_d,31364905,https://koi-mandolin-afct.squarespace.com/config/scheduling/appointments.php?action=editAppointmentType&id=31364905,710 Labs List Deliveries (Pacific Time),9/25/2026,2:00 PM,"2:00pm PDT Friday, September 25, 2026",12,,"The Reef;the_reef_sfo1_zone_d;31364905;https://koi-mandolin-afct.squarespace.com/config/scheduling/appointments.php?action=editAppointmentType&id=31364905;710 Labs List Deliveries (Pacific Time);9/25/2026;2:00 PM;2:00pm PDT Friday, September 25, 2026;12"
The Reef,the_reef_sfo1_zone_d,31364905,https://koi-mandolin-afct.squarespace.com/config/scheduling/appointments.php?action=editAppointmentType&id=31364905,710 Labs List Deliveries (Pacific Time),9/25/2026,5:00 PM,"5:00pm PDT Friday, September 25, 2026",12,,"The Reef;the_reef_sfo1_zone_d;31364905;https://koi-mandolin-afct.squarespace.com/config/scheduling/appointments.php?action=editAppointmentType&id=31364905;710 Labs List Deliveries (Pacific Time);9/25/2026;5:00 PM;5:00pm PDT Friday, September 25, 2026;12"
The Reef,the_reef_sfo1_zone_d,31364905,https://koi-mandolin-afct.squarespace.com/config/scheduling/appointments.php?action=editAppointmentType&id=31364905,710 Labs List Deliveries (Pacific Time),9/26/2026,10:00 AM,"10:00am PDT Saturday, September 26, 2026",12,,"The Reef;the_reef_sfo1_zone_d;31364905;https://koi-mandolin-afct.squarespace.com/config/scheduling/appointments.php?action=editAppointmentType&id=31364905;710 Labs List Deliveries (Pacific Time);9/26/2026;10:00 AM;10:00am PDT Saturday, September 26, 2026;12"
The Reef,the_reef_sfo1_zone_d,31364905,https://koi-mandolin-afct.squarespace.com/config/scheduling/appointments.php?action=editAppointmentType&id=31364905,710 Labs List Deliveries (Pacific Time),9/26/2026,2:00 PM,"2:00pm PDT Saturday, September 26, 2026",12,,"The Reef;the_reef_sfo1_zone_d;31364905;https://koi-mandolin-afct.squarespace.com/config/scheduling/appointments.php?action=editAppointmentType&id=31364905;710 Labs List Deliveries (Pacific Time);9/26/2026;2:00 PM;2:00pm PDT Saturday, September 26, 2026;12"
The Reef,the_reef_sfo1_zone_d,31364905,https://koi-mandolin-afct.squarespace.com/config/scheduling/appointments.php?action=editAppointmentType&id=31364905,710 Labs List Deliveries (Pacific Time),9/26/2026,5:00 PM,"5:00pm PDT Saturday, September 26, 2026",12,,"The Reef;the_reef_sfo1_zone_d;31364905;https://koi-mandolin-afct.squarespace.com/config/scheduling/appointments.php?action=editAppointmentType&id=31364905;710 Labs List Deliveries (Pacific Time);9/26/2026;5:00 PM;5:00pm PDT Saturday, September 26, 2026;12"
The Reef,the_reef_sfo1_zone_d,31364905,https://koi-mandolin-afct.squarespace.com/config/scheduling/appointments.php?action=editAppointmentType&id=31364905,710 Labs List Deliveries (Pacific Time),9/27/2026,10:00 AM,"10:00am PDT Sunday, September 27, 2026",12,,"The Reef;the_reef_sfo1_zone_d;31364905;https://koi-mandolin-afct.squarespace.com/config/scheduling/appointments.php?action=editAppointmentType&id=31364905;710 Labs List Deliveries (Pacific Time);9/27/2026;10:00 AM;10:00am PDT Sunday, September 27, 2026;12"
The Reef,the_reef_sfo1_zone_d,31364905,https://koi-mandolin-afct.squarespace.com/config/scheduling/appointments.php?action=editAppointmentType&id=31364905,710 Labs List Deliveries (Pacific Time),9/27/2026,2:00 PM,"2:00pm PDT Sunday, September 27, 2026",12,,"The Reef;the_reef_sfo1_zone_d;31364905;https://koi-mandolin-afct.squarespace.com/config/scheduling/appointments.php?action=editAppointmentType&id=31364905;710 Labs List Deliveries (Pacific Time);9/27/2026;2:00 PM;2:00pm PDT Sunday, September 27, 2026;12"
The Reef,the_reef_sfo1_zone_d,31364905,https://koi-mandolin-afct.squarespace.com/config/scheduling/appointments.php?action=editAppointmentType&id=31364905,710 Labs List Deliveries (Pacific Time),9/27/2026,5:00 PM,"5:00pm PDT Sunday, September 27, 2026",12,,"The Reef;the_reef_sfo1_zone_d;31364905;https://koi-mandolin-afct.squarespace.com/config/scheduling/appointments.php?action=editAppointmentType&id=31364905;710 Labs List Deliveries (Pacific Time);9/27/2026;5:00 PM;5:00pm PDT Sunday, September 27, 2026;12"
The Reef,the_reef_sfo1_zone_d,31364905,https://koi-mandolin-afct.squarespace.com/config/scheduling/appointments.php?action=editAppointmentType&id=31364905,710 Labs List Deliveries (Pacific Time),9/28/2026,10:00 AM,"10:00am PDT Monday, September 28, 2026",12,,"The Reef;the_reef_sfo1_zone_d;31364905;https://koi-mandolin-afct.squarespace.com/config/scheduling/appointments.php?action=editAppointmentType&id=31364905;710 Labs List Deliveries (Pacific Time);9/28/2026;10:00 AM;10:00am PDT Monday, September 28, 2026;12"
The Reef,the_reef_sfo1_zone_d,31364905,https://koi-mandolin-afct.squarespace.com/config/scheduling/appointments.php?action=editAppointmentType&id=31364905,710 Labs List Deliveries (Pacific Time),9/28/2026,2:00 PM,"2:00pm PDT Monday, September 28, 2026",12,,"The Reef;the_reef_sfo1_zone_d;31364905;https://koi-mandolin-afct.squarespace.com/config/scheduling/appointments.php?action=editAppointmentType&id=31364905;710 Labs List Deliveries (Pacific Time);9/28/2026;2:00 PM;2:00pm PDT Monday, September 28, 2026;12"
The Reef,the_reef_sfo1_zone_d,31364905,https://koi-mandolin-afct.squarespace.com/config/scheduling/appointments.php?action=editAppointmentType&id=31364905,710 Labs List Deliveries (Pacific Time),9/28/2026,5:00 PM,"5:00pm PDT Monday, September 28, 2026",12,,"The Reef;the_reef_sfo1_zone_d;31364905;https://koi-mandolin-afct.squarespace.com/config/scheduling/appointments.php?action=editAppointmentType&id=31364905;710 Labs List Deliveries (Pacific Time);9/28/2026;5:00 PM;5:00pm PDT Monday, September 28, 2026;12"
The Reef,the_reef_sfo1_zone_d,31364905,https://koi-mandolin-afct.squarespace.com/config/scheduling/appointments.php?action=editAppointmentType&id=31364905,710 Labs List Deliveries (Pacific Time),9/29/2026,10:00 AM,"10:00am PDT Tuesday, September 29, 2026",12,"Amuse LAX;amuse_lax1_zone_a1;54828096;https://koi-mandolin-afct.squarespace.com/config/scheduling/appointments.php?action=editAppointmentType&id=54828096;710 Labs List Deliveries (710) (Pacific Time);11/25/2024;11:00AM;11:00am PDT Monday, November 25, 2024;4","The Reef;the_reef_sfo1_zone_d;31364905;https://koi-mandolin-afct.squarespace.com/config/scheduling/appointments.php?action=editAppointmentType&id=31364905;710 Labs List Deliveries (Pacific Time);9/29/2026;10:00 AM;10:00am PDT Tuesday, September 29, 2026;12"
The Reef,the_reef_sfo1_zone_d,31364905,https://koi-mandolin-afct.squarespace.com/config/scheduling/appointments.php?action=editAppointmentType&id=31364905,710 Labs List Deliveries (Pacific Time),9/29/2026,2:00 PM,"2:00pm PDT Tuesday, September 29, 2026",12,"Amuse LAX;amuse_lax1_zone_a1;54828096;https://koi-mandolin-afct.squarespace.com/config/scheduling/appointments.php?action=editAppointmentType&id=54828096;710 Labs List Deliveries (710) (Pacific Time);3/23/2025;11:00AM;11:00am PDT Sunday, March 23, 2025;4","The Reef;the_reef_sfo1_zone_d;31364905;https://koi-mandolin-afct.squarespace.com/config/scheduling/appointments.php?action=editAppointmentType&id=31364905;710 Labs List Deliveries (Pacific Time);9/29/2026;2:00 PM;2:00pm PDT Tuesday, September 29, 2026;12"
The Reef,the_reef_sfo1_zone_d,31364905,https://koi-mandolin-afct.squarespace.com/config/scheduling/appointments.php?action=editAppointmentType&id=31364905,710 Labs List Deliveries (Pacific Time),9/29/2026,5:00 PM,"5:00pm PDT Tuesday, September 29, 2026",12,"Amuse LAX;amuse_lax1_zone_a1;54828096;https://koi-mandolin-afct.squarespace.com/config/scheduling/appointments.php?action=editAppointmentType&id=54828096;710 Labs List Deliveries (710) (Pacific Time);3/23/2025;3:00PM;3:00pm PDT Sunday, March 23, 2025;4","The Reef;the_reef_sfo1_zone_d;31364905;https://koi-mandolin-afct.squarespace.com/config/scheduling/appointments.php?action=editAppointmentType&id=31364905;710 Labs List Deliveries (Pacific Time);9/29/2026;5:00 PM;5:00pm PDT Tuesday, September 29, 2026;12"
The Reef,the_reef_sfo1_zone_d,31364905,https://koi-mandolin-afct.squarespace.com/config/scheduling/appointments.php?action=editAppointmentType&id=31364905,710 Labs List Deliveries (Pacific Time),10/2/2026,10:00 AM,"10:00am PDT Friday, October 2, 2026",12,"Amuse LAX;amuse_lax1_zone_a1;54828096;https://koi-mandolin-afct.squarespace.com/config/scheduling/appointments.php?action=editAppointmentType&id=54828096;710 Labs List Deliveries (710) (Pacific Time);3/24/2025;11:00AM;11:00am PDT Monday, March 24, 2025;4","The Reef;the_reef_sfo1_zone_d;31364905;https://koi-mandolin-afct.squarespace.com/config/scheduling/appointments.php?action=editAppointmentType&id=31364905;710 Labs List Deliveries (Pacific Time);10/2/2026;10:00 AM;10:00am PDT Friday, October 2, 2026;12"
The Reef,the_reef_sfo1_zone_d,31364905,https://koi-mandolin-afct.squarespace.com/config/scheduling/appointments.php?action=editAppointmentType&id=31364905,710 Labs List Deliveries (Pacific Time),10/2/2026,2:00 PM,"2:00pm PDT Friday, October 2, 2026",12,"Amuse LAX;amuse_lax1_zone_a1;54828096;https://koi-mandolin-afct.squarespace.com/config/scheduling/appointments.php?action=editAppointmentType&id=54828096;710 Labs List Deliveries (710) (Pacific Time);3/27/2025;11:00AM;11:00am PDT Thursday, March 27, 2025;4","The Reef;the_reef_sfo1_zone_d;31364905;https://koi-mandolin-afct.squarespace.com/config/scheduling/appointments.php?action=editAppointmentType&id=31364905;710 Labs List Deliveries (Pacific Time);10/2/2026;2:00 PM;2:00pm PDT Friday, October 2, 2026;12"
The Reef,the_reef_sfo1_zone_d,31364905,https://koi-mandolin-afct.squarespace.com/config/scheduling/appointments.php?action=editAppointmentType&id=31364905,710 Labs List Deliveries (Pacific Time),10/2/2026,5:00 PM,"5:00pm PDT Friday, October 2, 2026",12,"Amuse LAX;amuse_lax1_zone_a1;54828096;https://koi-mandolin-afct.squarespace.com/config/scheduling/appointments.php?action=editAppointmentType&id=54828096;710 Labs List Deliveries (710) (Pacific Time);3/27/2025;3:00PM;3:00pm PDT Thursday, March 27, 2025;4","The Reef;the_reef_sfo1_zone_d;31364905;https://koi-mandolin-afct.squarespace.com/config/scheduling/appointments.php?action=editAppointmentType&id=31364905;710 Labs List Deliveries (Pacific Time);10/2/2026;5:00 PM;5:00pm PDT Friday, October 2, 2026;12"
The Reef,the_reef_sfo1_zone_e,36651367,https://koi-mandolin-afct.squarespace.com/config/scheduling/appointments.php?action=editAppointmentType&id=36651367,710 Labs List Deliveries (Pacific Time),9/26/2026,8:00 AM,"8:00am PDT Saturday, September 26, 2026",16,"Amuse LAX;amuse_lax1_zone_a2;33270050;https://koi-mandolin-afct.squarespace.com/config/scheduling/appointments.php?action=editAppointmentType&id=33270050;710 Labs List Deliveries (710) (Pacific Time);3/22/2025;11:00AM;11:00am PDT Saturday, March 22, 2025;4","The Reef;the_reef_sfo1_zone_e;36651367;https://koi-mandolin-afct.squarespace.com/config/scheduling/appointments.php?action=editAppointmentType&id=36651367;710 Labs List Deliveries (Pacific Time);9/26/2026;8:00 AM;8:00am PDT Saturday, September 26, 2026;16"
The Reef,the_reef_sfo1_zone_f,36651386,https://koi-mandolin-afct.squarespace.com/config/scheduling/appointments.php?action=editAppointmentType&id=36651386,710 Labs List Deliveries (Pacific Time),9/28/2026,11:00 AM,"11:00am PDT Monday, September 28, 2026",12,"Amuse LAX;amuse_lax1_zone_a2;33270050;https://koi-mandolin-afct.squarespace.com/config/scheduling/appointments.php?action=editAppointmentType&id=33270050;710 Labs List Deliveries (710) (Pacific Time);3/22/2025;3:00PM;3:00pm PDT Saturday, March 22, 2025;4","The Reef;the_reef_sfo1_zone_f;36651386;https://koi-mandolin-afct.squarespace.com/config/scheduling/appointments.php?action=editAppointmentType&id=36651386;710 Labs List Deliveries (Pacific Time);9/28/2026;11:00 AM;11:00am PDT Monday, September 28, 2026;12"
The Reef,the_reef_sfo1_zone_f,36651386,https://koi-mandolin-afct.squarespace.com/config/scheduling/appointments.php?action=editAppointmentType&id=36651386,710 Labs List Deliveries (Pacific Time),9/28/2026,4:00 PM,"4:00pm PDT Monday, September 28, 2026",12,"Amuse LAX;amuse_lax1_zone_b1;27205285;https://koi-mandolin-afct.squarespace.com/config/scheduling/appointments.php?action=editAppointmentType&id=27205285;710 Labs List Deliveries (710) (Pacific Time);3/21/2025;11:00AM;11:00am PDT Friday, March 21, 2025;4","The Reef;the_reef_sfo1_zone_f;36651386;https://koi-mandolin-afct.squarespace.com/config/scheduling/appointments.php?action=editAppointmentType&id=36651386;710 Labs List Deliveries (Pacific Time);9/28/2026;4:00 PM;4:00pm PDT Monday, September 28, 2026;12"
The Reef,the_reef_sfo1_zone_g,53043366,https://koi-mandolin-afct.squarespace.com/config/scheduling/appointments.php?action=editAppointmentType&id=53043366,710 Labs List Deliveries (Pacific Time),9/26/2026,11:00 AM,"11:00am PDT Saturday, September 26, 2026",16,"Amuse LAX;amuse_lax1_zone_b1;27205285;https://koi-mandolin-afct.squarespace.com/config/scheduling/appointments.php?action=editAppointmentType&id=27205285;710 Labs List Deliveries (710) (Pacific Time);3/21/2025;3:00PM;3:00pm PDT Friday, March 21, 2025;5","The Reef;the_reef_sfo1_zone_g;53043366;https://koi-mandolin-afct.squarespace.com/config/scheduling/appointments.php?action=editAppointmentType&id=53043366;710 Labs List Deliveries (Pacific Time);9/26/2026;11:00 AM;11:00am PDT Saturday, September 26, 2026;16"
The Reef,the_reef_sfo1_zone_g,53043366,https://koi-mandolin-afct.squarespace.com/config/scheduling/appointments.php?action=editAppointmentType&id=53043366,710 Labs List Deliveries (Pacific Time),9/26/2026,4:00 PM,"4:00pm PDT Saturday, September 26, 2026",16,"Amuse LAX;amuse_lax1_zone_b1;27205285;https://koi-mandolin-afct.squarespace.com/config/scheduling/appointments.php?action=editAppointmentType&id=27205285;710 Labs List Deliveries (710) (Pacific Time);3/23/2025;11:00AM;11:00am PDT Sunday, March 23, 2025;4","The Reef;the_reef_sfo1_zone_g;53043366;https://koi-mandolin-afct.squarespace.com/config/scheduling/appointments.php?action=editAppointmentType&id=53043366;710 Labs List Deliveries (Pacific Time);9/26/2026;4:00 PM;4:00pm PDT Saturday, September 26, 2026;16"
The Reef,the_reef_sfo1_zone_g,53043366,https://koi-mandolin-afct.squarespace.com/config/scheduling/appointments.php?action=editAppointmentType&id=53043366,710 Labs List Deliveries (Pacific Time),9/27/2026,11:00 AM,"11:00am PDT Sunday, September 27, 2026",16,"Amuse LAX;amuse_lax1_zone_b1;27205285;https://koi-mandolin-afct.squarespace.com/config/scheduling/appointments.php?action=editAppointmentType&id=27205285;710 Labs List Deliveries (710) (Pacific Time);3/23/2025;3:00PM;3:00pm PDT Sunday, March 23, 2025;4","The Reef;the_reef_sfo1_zone_g;53043366;https://koi-mandolin-afct.squarespace.com/config/scheduling/appointments.php?action=editAppointmentType&id=53043366;710 Labs List Deliveries (Pacific Time);9/27/2026;11:00 AM;11:00am PDT Sunday, September 27, 2026;16"
The Reef,the_reef_sfo1_zone_g,53043366,https://koi-mandolin-afct.squarespace.com/config/scheduling/appointments.php?action=editAppointmentType&id=53043366,710 Labs List Deliveries (Pacific Time),9/27/2026,4:00 PM,"4:00pm PDT Sunday, September 27, 2026",16,"Amuse LAX;amuse_lax1_zone_b1;27205285;https://koi-mandolin-afct.squarespace.com/config/scheduling/appointments.php?action=editAppointmentType&id=27205285;710 Labs List Deliveries (710) (Pacific Time);3/24/2025;11:00AM;11:00am PDT Monday, March 24, 2025;4","The Reef;the_reef_sfo1_zone_g;53043366;https://koi-mandolin-afct.squarespace.com/config/scheduling/appointments.php?action=editAppointmentType&id=53043366;710 Labs List Deliveries (Pacific Time);9/27/2026;4:00 PM;4:00pm PDT Sunday, September 27, 2026;16"
The Reef,the_reef_sfo1_zone_h,53043395,https://koi-mandolin-afct.squarespace.com/config/scheduling/appointments.php?action=editAppointmentType&id=53043395,710 Labs List Deliveries (Pacific Time),9/26/2026,11:00 AM,"11:00am PDT Saturday, September 26, 2026",16,"Amuse LAX;amuse_lax1_zone_b1;27205285;https://koi-mandolin-afct.squarespace.com/config/scheduling/appointments.php?action=editAppointmentType&id=27205285;710 Labs List Deliveries (710) (Pacific Time);3/24/2025;3:00PM;3:00pm PDT Monday, March 24, 2025;4","The Reef;the_reef_sfo1_zone_h;53043395;https://koi-mandolin-afct.squarespace.com/config/scheduling/appointments.php?action=editAppointmentType&id=53043395;710 Labs List Deliveries (Pacific Time);9/26/2026;11:00 AM;11:00am PDT Saturday, September 26, 2026;16"
The Reef,the_reef_sfo1_zone_h,53043395,https://koi-mandolin-afct.squarespace.com/config/scheduling/appointments.php?action=editAppointmentType&id=53043395,710 Labs List Deliveries (Pacific Time),9/26/2026,4:00 PM,"4:00pm PDT Saturday, September 26, 2026",16,"Amuse LAX;amuse_lax1_zone_b1;27205285;https://koi-mandolin-afct.squarespace.com/config/scheduling/appointments.php?action=editAppointmentType&id=27205285;710 Labs List Deliveries (710) (Pacific Time);3/25/2025;11:00AM;11:00am PDT Tuesday, March 25, 2025;4","The Reef;the_reef_sfo1_zone_h;53043395;https://koi-mandolin-afct.squarespace.com/config/scheduling/appointments.php?action=editAppointmentType&id=53043395;710 Labs List Deliveries (Pacific Time);9/26/2026;4:00 PM;4:00pm PDT Saturday, September 26, 2026;16"
,,,,,,,,,"Amuse LAX;amuse_lax1_zone_b1;27205285;https://koi-mandolin-afct.squarespace.com/config/scheduling/appointments.php?action=editAppointmentType&id=27205285;710 Labs List Deliveries (710) (Pacific Time);3/25/2025;3:00PM;3:00pm PDT Tuesday, March 25, 2025;4",
,,,,,,,,,"Amuse LAX;amuse_lax1_zone_b1;27205285;https://koi-mandolin-afct.squarespace.com/config/scheduling/appointments.php?action=editAppointmentType&id=27205285;710 Labs List Deliveries (710) (Pacific Time);3/26/2025;11:00AM;11:00am PDT Wednesday, March 26, 2025;4",
,,,,,,,,,"Amuse LAX;amuse_lax1_zone_b1;27205285;https://koi-mandolin-afct.squarespace.com/config/scheduling/appointments.php?action=editAppointmentType&id=27205285;710 Labs List Deliveries (710) (Pacific Time);3/26/2025;3:00PM;3:00pm PDT Wednesday, March 26, 2025;4",
,,,,,,,,,"Amuse LAX;amuse_lax1_zone_b1;27205285;https://koi-mandolin-afct.squarespace.com/config/scheduling/appointments.php?action=editAppointmentType&id=27205285;710 Labs List Deliveries (710) (Pacific Time);3/27/2025;11:00AM;11:00am PDT Thursday, March 27, 2025;4",
,,,,,,,,,"Amuse LAX;amuse_lax1_zone_b1;27205285;https://koi-mandolin-afct.squarespace.com/config/scheduling/appointments.php?action=editAppointmentType&id=27205285;710 Labs List Deliveries (710) (Pacific Time);3/27/2025;3:00PM;3:00pm PDT Thursday, March 27, 2025;4",
,,,,,,,,,"Amuse LAX;amuse_lax1_zone_b2;33270054;https://koi-mandolin-afct.squarespace.com/config/scheduling/appointments.php?action=editAppointmentType&id=33270054;710 Labs List Deliveries (710) (Pacific Time);3/22/2025;11:00AM;11:00am PDT Saturday, March 22, 2025;4",
,,,,,,,,,"Amuse LAX;amuse_lax1_zone_b2;33270054;https://koi-mandolin-afct.squarespace.com/config/scheduling/appointments.php?action=editAppointmentType&id=33270054;710 Labs List Deliveries (710) (Pacific Time);3/22/2025;3:00PM;3:00pm PDT Saturday, March 22, 2025;4",
,,,,,,,,,"Amuse LAX;amuse_lax1_zone_c1;27205882;https://koi-mandolin-afct.squarespace.com/config/scheduling/appointments.php?action=editAppointmentType&id=27205882;710 Labs List Deliveries (710) (Pacific Time);3/22/2025;11:00AM;11:00am PDT Saturday, March 22, 2025;4",
,,,,,,,,,"Amuse LAX;amuse_lax1_zone_c1;27205882;https://koi-mandolin-afct.squarespace.com/config/scheduling/appointments.php?action=editAppointmentType&id=27205882;710 Labs List Deliveries (710) (Pacific Time);3/22/2025;3:00PM;3:00pm PDT Saturday, March 22, 2025;4",
,,,,,,,,,"Amuse LAX;amuse_lax1_zone_c1;27205882;https://koi-mandolin-afct.squarespace.com/config/scheduling/appointments.php?action=editAppointmentType&id=27205882;710 Labs List Deliveries (710) (Pacific Time);3/23/2025;11:00AM;11:00am PDT Sunday, March 23, 2025;4",
,,,,,,,,,"Amuse LAX;amuse_lax1_zone_c1;27205882;https://koi-mandolin-afct.squarespace.com/config/scheduling/appointments.php?action=editAppointmentType&id=27205882;710 Labs List Deliveries (710) (Pacific Time);3/23/2025;3:00PM;3:00pm PDT Sunday, March 23, 2025;4",
,,,,,,,,,"Amuse LAX;amuse_lax1_zone_c1;27205882;https://koi-mandolin-afct.squarespace.com/config/scheduling/appointments.php?action=editAppointmentType&id=27205882;710 Labs List Deliveries (710) (Pacific Time);3/25/2025;11:00AM;11:00am PDT Tuesday, March 25, 2025;4",
,,,,,,,,,"Amuse LAX;amuse_lax1_zone_c1;27205882;https://koi-mandolin-afct.squarespace.com/config/scheduling/appointments.php?action=editAppointmentType&id=27205882;710 Labs List Deliveries (710) (Pacific Time);3/25/2025;3:00PM;3:00pm PDT Tuesday, March 25, 2025;4",
,,,,,,,,,"Amuse LAX;amuse_lax1_zone_c1;27205882;https://koi-mandolin-afct.squarespace.com/config/scheduling/appointments.php?action=editAppointmentType&id=27205882;710 Labs List Deliveries (710) (Pacific Time);3/27/2025;11:00AM;11:00am PDT Thursday, March 27, 2025;5",
,,,,,,,,,"Amuse LAX;amuse_lax1_zone_c1;27205882;https://koi-mandolin-afct.squarespace.com/config/scheduling/appointments.php?action=editAppointmentType&id=27205882;710 Labs List Deliveries (710) (Pacific Time);3/27/2025;3:00PM;3:00pm PDT Thursday, March 27, 2025;4",
,,,,,,,,,"Amuse LAX;amuse_lax1_zone_d2;33270071;https://koi-mandolin-afct.squarespace.com/config/scheduling/appointments.php?action=editAppointmentType&id=33270071;710 Labs List Deliveries (710) (Pacific Time);3/21/2025;11:00AM;11:00am PDT Friday, March 21, 2025;5",
,,,,,,,,,"Amuse LAX;amuse_lax1_zone_d2;33270071;https://koi-mandolin-afct.squarespace.com/config/scheduling/appointments.php?action=editAppointmentType&id=33270071;710 Labs List Deliveries (710) (Pacific Time);3/21/2025;3:00PM;3:00pm PDT Friday, March 21, 2025;4",
,,,,,,,,,"Amuse LAX;amuse_lax1_zone_d2;33270071;https://koi-mandolin-afct.squarespace.com/config/scheduling/appointments.php?action=editAppointmentType&id=33270071;710 Labs List Deliveries (710) (Pacific Time);3/24/2025;11:00AM;11:00am PDT Monday, March 24, 2025;5",
,,,,,,,,,"Amuse LAX;amuse_lax1_zone_d2;33270071;https://koi-mandolin-afct.squarespace.com/config/scheduling/appointments.php?action=editAppointmentType&id=33270071;710 Labs List Deliveries (710) (Pacific Time);3/24/2025;3:00PM;3:00pm PDT Monday, March 24, 2025;4",
,,,,,,,,,"Amuse LAX;amuse_lax1_zone_d2;33270071;https://koi-mandolin-afct.squarespace.com/config/scheduling/appointments.php?action=editAppointmentType&id=33270071;710 Labs List Deliveries (710) (Pacific Time);3/26/2025;11:00AM;11:00am PDT Wednesday, March 26, 2025;5",
,,,,,,,,,"Amuse LAX;amuse_lax1_zone_d2;33270071;https://koi-mandolin-afct.squarespace.com/config/scheduling/appointments.php?action=editAppointmentType&id=33270071;710 Labs List Deliveries (710) (Pacific Time);3/26/2025;3:00PM;3:00pm PDT Wednesday, March 26, 2025;4",
,,,,,,,,,"Amuse LAX;amuse_lax1_zone_e2;33270087;https://koi-mandolin-afct.squarespace.com/config/scheduling/appointments.php?action=editAppointmentType&id=33270087;710 Labs List Deliveries (710) (Pacific Time);3/21/2025;11:00AM;11:00am PDT Friday, March 21, 2025;5",
,,,,,,,,,"Amuse LAX;amuse_lax1_zone_e2;33270087;https://koi-mandolin-afct.squarespace.com/config/scheduling/appointments.php?action=editAppointmentType&id=33270087;710 Labs List Deliveries (710) (Pacific Time);3/21/2025;3:00PM;3:00pm PDT Friday, March 21, 2025;4",
,,,,,,,,,"Amuse LAX;amuse_lax1_zone_e2;33270087;https://koi-mandolin-afct.squarespace.com/config/scheduling/appointments.php?action=editAppointmentType&id=33270087;710 Labs List Deliveries (710) (Pacific Time);3/24/2025;11:00AM;11:00am PDT Monday, March 24, 2025;5",
,,,,,,,,,"Amuse LAX;amuse_lax1_zone_e2;33270087;https://koi-mandolin-afct.squarespace.com/config/scheduling/appointments.php?action=editAppointmentType&id=33270087;710 Labs List Deliveries (710) (Pacific Time);3/24/2025;3:00PM;3:00pm PDT Monday, March 24, 2025;4",
,,,,,,,,,"Amuse LAX;amuse_lax1_zone_e2;33270087;https://koi-mandolin-afct.squarespace.com/config/scheduling/appointments.php?action=editAppointmentType&id=33270087;710 Labs List Deliveries (710) (Pacific Time);3/26/2025;11:00AM;11:00am PDT Wednesday, March 26, 2025;5",
,,,,,,,,,"Amuse LAX;amuse_lax1_zone_e2;33270087;https://koi-mandolin-afct.squarespace.com/config/scheduling/appointments.php?action=editAppointmentType&id=33270087;710 Labs List Deliveries (710) (Pacific Time);3/26/2025;3:00PM;3:00pm PDT Wednesday, March 26, 2025;4",
,,,,,,,,,"Amuse LAX;amuse_lax1_zone_f1;27206578;https://koi-mandolin-afct.squarespace.com/config/scheduling/appointments.php?action=editAppointmentType&id=27206578;710 Labs List Deliveries (710) (Pacific Time);3/21/2025;11:00AM;11:00am PDT Friday, March 21, 2025;5",
,,,,,,,,,"Amuse LAX;amuse_lax1_zone_f1;27206578;https://koi-mandolin-afct.squarespace.com/config/scheduling/appointments.php?action=editAppointmentType&id=27206578;710 Labs List Deliveries (710) (Pacific Time);3/21/2025;3:00PM;3:00pm PDT Friday, March 21, 2025;5",
,,,,,,,,,"Amuse LAX;amuse_lax1_zone_f1;27206578;https://koi-mandolin-afct.squarespace.com/config/scheduling/appointments.php?action=editAppointmentType&id=27206578;710 Labs List Deliveries (710) (Pacific Time);3/22/2025;11:00AM;11:00am PDT Saturday, March 22, 2025;5",
,,,,,,,,,"Amuse LAX;amuse_lax1_zone_f1;27206578;https://koi-mandolin-afct.squarespace.com/config/scheduling/appointments.php?action=editAppointmentType&id=27206578;710 Labs List Deliveries (710) (Pacific Time);3/22/2025;3:00PM;3:00pm PDT Saturday, March 22, 2025;5",
,,,,,,,,,"Amuse LAX;amuse_lax1_zone_f1;27206578;https://koi-mandolin-afct.squarespace.com/config/scheduling/appointments.php?action=editAppointmentType&id=27206578;710 Labs List Deliveries (710) (Pacific Time);3/23/2025;11:00AM;11:00am PDT Sunday, March 23, 2025;5",
,,,,,,,,,"Amuse LAX;amuse_lax1_zone_f1;27206578;https://koi-mandolin-afct.squarespace.com/config/scheduling/appointments.php?action=editAppointmentType&id=27206578;710 Labs List Deliveries (710) (Pacific Time);3/23/2025;3:00PM;3:00pm PDT Sunday, March 23, 2025;5",
,,,,,,,,,"Amuse LAX;amuse_lax1_zone_f1;27206578;https://koi-mandolin-afct.squarespace.com/config/scheduling/appointments.php?action=editAppointmentType&id=27206578;710 Labs List Deliveries (710) (Pacific Time);3/24/2025;11:00AM;11:00am PDT Monday, March 24, 2025;5",
,,,,,,,,,"Amuse LAX;amuse_lax1_zone_f1;27206578;https://koi-mandolin-afct.squarespace.com/config/scheduling/appointments.php?action=editAppointmentType&id=27206578;710 Labs List Deliveries (710) (Pacific Time);3/24/2025;3:00PM;3:00pm PDT Monday, March 24, 2025;5",
,,,,,,,,,"Amuse LAX;amuse_lax1_zone_f1;27206578;https://koi-mandolin-afct.squarespace.com/config/scheduling/appointments.php?action=editAppointmentType&id=27206578;710 Labs List Deliveries (710) (Pacific Time);3/25/2025;11:00AM;11:00am PDT Tuesday, March 25, 2025;5",
,,,,,,,,,"Amuse LAX;amuse_lax1_zone_f1;27206578;https://koi-mandolin-afct.squarespace.com/config/scheduling/appointments.php?action=editAppointmentType&id=27206578;710 Labs List Deliveries (710) (Pacific Time);3/25/2025;3:00PM;3:00pm PDT Tuesday, March 25, 2025;5",
,,,,,,,,,"Amuse LAX;amuse_lax1_zone_d2;33270071;https://koi-mandolin-afct.squarespace.com/config/scheduling/appointments.php?action=editAppointmentType&id=33270071;710 Labs List Deliveries (Amuse) (Pacific Time);1/30/2024;3:00PM;3:00pm PDT Tuesday, January 30, 2024;4",
,,,,,,,,,"Amuse LAX;amuse_lax1_zone_d2;33270071;https://koi-mandolin-afct.squarespace.com/config/scheduling/appointments.php?action=editAppointmentType&id=33270071;710 Labs List Deliveries (Amuse) (Pacific Time);2/1/2024;11:00AM;11:00am PDT Thursday, February 1, 2024;5",
,,,,,,,,,"Amuse LAX;amuse_lax1_zone_d2;33270071;https://koi-mandolin-afct.squarespace.com/config/scheduling/appointments.php?action=editAppointmentType&id=33270071;710 Labs List Deliveries (Amuse) (Pacific Time);2/1/2024;3:00PM;3:00pm PDT Thursday, February 1, 2024;4",
,,,,,,,,,"Amuse LAX;amuse_lax1_zone_e2;33270087;https://koi-mandolin-afct.squarespace.com/config/scheduling/appointments.php?action=editAppointmentType&id=33270087;710 Labs List Deliveries (Amuse) (Pacific Time);1/27/2024;11:00AM;11:00am PDT Saturday, January 27, 2024;5",
,,,,,,,,,"Amuse LAX;amuse_lax1_zone_e2;33270087;https://koi-mandolin-afct.squarespace.com/config/scheduling/appointments.php?action=editAppointmentType&id=33270087;710 Labs List Deliveries (Amuse) (Pacific Time);1/27/2024;3:00PM;3:00pm PDT Saturday, January 27, 2024;4",
,,,,,,,,,"Amuse LAX;amuse_lax1_zone_e2;33270087;https://koi-mandolin-afct.squarespace.com/config/scheduling/appointments.php?action=editAppointmentType&id=33270087;710 Labs List Deliveries (Amuse) (Pacific Time);1/30/2024;11:00AM;11:00am PDT Tuesday, January 30, 2024;5",
,,,,,,,,,"Amuse LAX;amuse_lax1_zone_e2;33270087;https://koi-mandolin-afct.squarespace.com/config/scheduling/appointments.php?action=editAppointmentType&id=33270087;710 Labs List Deliveries (Amuse) (Pacific Time);1/30/2024;3:00PM;3:00pm PDT Tuesday, January 30, 2024;4",
,,,,,,,,,"Amuse LAX;amuse_lax1_zone_e2;33270087;https://koi-mandolin-afct.squarespace.com/config/scheduling/appointments.php?action=editAppointmentType&id=33270087;710 Labs List Deliveries (Amuse) (Pacific Time);2/1/2024;11:00AM;11:00am PDT Thursday, February 1, 2024;5",
,,,,,,,,,"Amuse LAX;amuse_lax1_zone_e2;33270087;https://koi-mandolin-afct.squarespace.com/config/scheduling/appointments.php?action=editAppointmentType&id=33270087;710 Labs List Deliveries (Amuse) (Pacific Time);2/1/2024;3:00PM;3:00pm PDT Thursday, February 1, 2024;4",